Name,Phone,Exp_day,Card
Denis Ivanenko,+380451768567,07/18,9109 4856 3366 4343
Viktoriya Skripko,+380619067769,12/28,6148 4358 7899 5149
Viktoriya Ivanenko,+380717660963,01/28,7729 2889 7481 3429
Nataliya Radchenko,+380756305570,06/26,1574 7147 2791 4394
Vladislav Bondarenko,+380375256984,10/19,2495 1946 4256 0649
Ruslan Stepanenko,+380361235033,06/22,3376 7015 5683 7828
Nataliya Ivanenko,+380916306387,11/20,7495 1467 0398 3349
Ruslan Ivanenko,+380735093910,08/21,4982 5306 6688 1206
Artem Ivanenko,+380558459463,03/19,2540 8394 9695 9077
Ivan Skripko,+380805276042,04/28,0179 1495 6271 4217
Ivan Skripko,+380626559793,05/23,0795 8540 1118 3429
Viktoriya Stepanenko,+380749149325,06/22,8957 6272 7875 1285
Vladislav Skripko,+380864336320,12/26,0280 6820 7076 7745
Denis Radchenko,+380239316821,06/22,4759 1030 9860 6135
Denis Kuzmenko,+380949747283,07/21,8485 6479 2044 4736
Nataliya Kuzmenko,+380353888003,03/27,3596 5696 4989 8119
Nataliya Skripko,+380624280908,06/28,6427 2508 1738 2851
Denis Radchenko,+380550388896,03/25,2211 4855 8339 3459
Denis Kuzmenko,+380014274413,11/28,2463 3772 6250 1684
Viktoriya Kuzmenko,+380856883980,04/30,8302 4141 9259 0654
Nataliya Skripko,+380621959538,06/25,0038 2449 0681 4291
Ruslan Ivanenko,+380640765700,04/18,1673 1014 5477 6206
Vladislav Radchenko,+380359042503,09/21,4624 7716 9315 5848
Vladislav Ivanenko,+380145648146,01/23,3994 3210 3738 6341
Vladislav Stepanenko,+380653025128,02/28,7274 4946 5069 6767
Ivan Stepanenko,+380139262063,05/23,4727 1091 3914 4970
Viktoriya Ivanenko,+380943351552,03/28,6037 0602 0910 8431
Ivan Stepanenko,+380087384841,12/18,1789 9630 3723 9387
Ruslan Stepanenko,+380529676933,03/30,4386 4400 3604 2709
Nataliya Radchenko,+380132848699,03/25,6157 2031 5155 0197
Viktoriya Samko,+380300047687,10/28,4914 2069 6789 2927
Denis Stepanenko,+380144328576,06/22,3329 0250 0572 6591
Nataliya Samko,+380677152363,07/21,2645 5735 1801 4922
Denis Kuzmenko,+380380049980,05/18,5775 5315 4330 3000
Nataliya Samko,+380578096445,02/19,6407 8273 0762 3339
Denis Radchenko,+380703813120,01/21,6308 6347 6357 7444
Ruslan Samko,+380424570161,04/20,1559 5197 2865 2886
Ruslan Kuzmenko,+380197368838,11/22,0541 0879 9012 6670
Ivan Kuzmenko,+380699009003,01/27,5777 3413 9881 6869
Denis Samko,+380052067381,10/18,0333 3666 3265 5021
Artem Skripko,+380038005386,05/19,5484 3939 4937 6384
Denis Radchenko,+380478789588,09/25,0694 3641 7324 8361
Vladislav Bondarenko,+380011033016,05/29,9626 6618 8876 6808
Ruslan Radchenko,+380852613026,07/21,2671 3408 7460 8652
Artem Skripko,+380597065376,05/23,1012 5418 6696 5444
Denis Kuzmenko,+380177897851,08/22,7218 7250 3640 5804
Artem Bondarenko,+380591483439,02/21,7147 0558 0927 8945
Artem Bondarenko,+380367769117,08/30,7645 6000 3970 4662
Viktoriya Skripko,+380552192215,10/22,2421 8169 8744 1100
Artem Samko,+380049469183,12/23,7357 8823 4101 3225
Artem Bondarenko,+380815880584,04/24,8348 3286 1997 5242
Denis Samko,+380035158238,06/28,6931 9555 1022 6017
Vladislav Kuzmenko,+380257203145,10/18,8183 7600 1162 5471
Denis Skripko,+380045234907,10/26,2218 2034 6609 0439
Artem Kuzmenko,+380335843918,02/20,7964 4386 1834 9210
Vladislav Kuzmenko,+380978239372,11/26,0726 2408 8701 4826
Ivan Bondarenko,+380593455372,03/28,0530 1282 5721 7776
Ruslan Kuzmenko,+380100457143,11/28,7999 6591 5421 1877
Vladislav Ivanenko,+380806928616,07/26,8802 5000 7534 7037
Viktoriya Samko,+380175060937,01/26,8643 1037 7290 8617
Vladislav Stepanenko,+380512615368,11/23,2085 9019 1640 8311
Denis Skripko,+380979627267,04/27,5280 2055 4364 8214
Vladislav Kuzmenko,+380182491198,10/22,6228 4652 1812 3276
Vladislav Skripko,+380107334690,02/18,8192 8855 7681 2368
Denis Skripko,+380293314778,06/27,7489 3768 9388 7127
Nataliya Kuzmenko,+380555020230,09/18,8717 4002 4832 1672
Artem Kuzmenko,+380067555102,07/22,6284 5329 3227 3784
Nataliya Kuzmenko,+380084549824,04/18,4315 1464 8604 8844
Ivan Bondarenko,+380638900527,02/19,2241 3980 0312 4116
Viktoriya Kuzmenko,+380514539796,07/26,1284 7342 7500 2766
Vladislav Radchenko,+380844946381,11/22,0685 0800 1224 9458
Vladislav Bondarenko,+380710542121,03/27,3504 7325 2351 8800
Denis Ivanenko,+380037343649,01/21,0870 0728 1761 2516
Viktoriya Bondarenko,+380759576021,07/30,9373 7871 6440 2897
Artem Radchenko,+380757677675,03/29,8103 3293 9420 4171
Artem Bondarenko,+380399666189,11/28,5675 3675 8011 9545
Nataliya Bondarenko,+380153655001,04/19,7866 0454 8544 1528
Viktoriya Bondarenko,+380393756750,09/23,3976 9646 6815 7284
Nataliya Ivanenko,+380128727506,09/26,2480 6087 0017 2026
Denis Ivanenko,+380961362240,05/26,5923 9233 6617 3431
Nataliya Stepanenko,+380380450315,01/19,9414 3907 8559 1014
Ruslan Samko,+380231001317,08/18,8031 9941 4738 4032
Artem Ivanenko,+380787547364,10/18,9166 5277 4348 6082
Artem Kuzmenko,+380072487892,05/23,7232 4808 2722 6128
Artem Ivanenko,+380317076472,05/21,8147 0273 2220 6196
Ruslan Kuzmenko,+380850807704,05/28,7118 8011 3948 3151
Ivan Bondarenko,+380305706819,12/22,6781 1918 4555 1543
Viktoriya Skripko,+380701485023,09/19,1091 0662 4097 5468
Nataliya Skripko,+380362352646,11/29,0395 9583 8054 9834
Ivan Kuzmenko,+380225540002,03/27,9990 5117 9729 0146
Artem Stepanenko,+380506986883,06/25,1915 0814 3186 1319
Vladislav Samko,+380067129295,06/19,3793 3774 4732 0708
Viktoriya Kuzmenko,+380745050133,05/20,1033 7055 8288 9060
Artem Skripko,+380590861893,12/22,1748 1220 9608 2298
Vladislav Skripko,+380956535773,11/19,2389 9286 1988 7494
Ruslan Kuzmenko,+380242839841,02/28,3282 7387 8986 2009
Viktoriya Kuzmenko,+380155927232,02/23,6596 5085 2693 6081
Artem Ivanenko,+380028984588,01/20,4358 8869 0845 4654
Ivan Samko,+380487944710,04/29,6737 6250 7379 6475
